ID,SITE,LAT,LON,AZI,TYPE,DEPTH,QUALITY,REGIME,LOCALITY,COUNTRY,DATE,TIME,NUMBER,SD,METHOD,S1AZ,S1PL,S2AZ,S2PL,S3AZ,S3PL,MAG_INT_S1,SLOPES1,MAG_INT_S2,SLOPES2,MAG_INT_S3,SLOPES3,PORE_MAGIN,PORE_SLOPE,MAG_TYPE,EQ_MAG,MOM,MOM_EXP,EQ_AVG,TOT_LEN,SD_WEIGHT,SAMP_INT,TOP,BOT,NO_MAG_VEN,YOUNG,POISSON,ROCK,AGE,RATIO,DIPAZ,DIP,REF1,REF2,REF3,REF4,COMMENT,LAST_MOD,PLATE,BOUNDARY,DIST,PBE,NEW,ISO
wsm10451,,34.900,127.600,68,HFM,0.11,B,TF,YosuB-12,Korea - Republic of,,,3,19,,68,0,158,0,0,90,8.2,,4.8,,2.9,,,,,,,,,,,,,,,,,andesite,,,,,HAIMLE2003,,,,LAT - LON read of map,20040216,AM,CRB,127,NO,NO,SEA5254
wsm10452,,34.900,127.600,80,HFM,0.19,C,TF,YosuYB-2,Korea - Republic of,,,3,23,,80,0,170,0,0,90,7.3,,5.2,,5.0,,,,,,,,,,,,,,,,,andesite,,,,,HAIMLE2003,,,,LAT - LON read of map,20040216,AM,CRB,127,NO,NO,SEA5253
wsm10453,,37.000,126.800,98,HFM,0.18,B,TF,PyongtaekBL,Korea - Republic of,,,3,3,,98,,8,,,80,11.2,,6.1,,4.8,,,,,,,,,,,,,,,,,gneiss,,,,,HAIMLE2003,,,,LAT - LON read of map,20040216,AM,CRB,67,NO,NO,SEA5252
wsm10454,,37.000,126.800,73,HFM,0.14,D,TF,PyongtaekBL,Korea - Republic of,,,4,34,,73,0,163,0,0,90,11.0,,6.4,,3.7,,,,,,,,,,,,,,,,,gneiss,,,,,HAIMLE2003,,,,LAT - LON read of map,20040216,AM,CRB,67,NO,NO,SEA5251
wsm10455,,34.900,128.600,132,HFM,0.24,B,SS,GojeBH-3,Korea - Republic of,,,4,12,,132,0,42,0,0,90,7.9,,4.7,,6.5,,,,,,,,,,,,,,,,,granodio,,,,,HAIMLE2003,,,,LAT - LON read of map - sharp topographic relief,20040216,AM,CRB,218,NO,NO,SEA5250
wsm10456,,34.900,128.600,76,HFM,0.18,B,TF,GojeBH-2,Korea - Republic of,,,4,15,,76,0,166,0,0,90,14.5,,7.9,,4.9,,,,,,,,,,,,,,,,,granodio,,,,,HAIMLE2003,,,,LAT - LON read of map,20040216,AM,CRB,218,NO,NO,SEA5249
wsm10457,,34.900,128.600,86,HFM,0.12,D,TF,GojeBH-1,Korea - Republic of,,,4,30,,86,0,176,0,0,90,11.4,,5.7,,3.2,,,,,,,,,,,,,,,,,granodio,,,,,HAIMLE2003,,,,LAT - LON read of map,20040216,AM,CRB,218,NO,NO,SEA5248
wsm10458,,37.500,126.900,59,HFM,0.05,E,TF,Seoul,Korea - Republic of,,,5,42,,59,0,149,0,0,90,6.4,,3.3,,1.2,,,,,,,,,,,,,,,,,granite,,,,,HAIMLE2003,,,,LAT - LON read of map,20040216,AM,CRB,85,NO,NO,KOR5
wsm10459,,37.600,126.800,82,HFM,0.03,B,TF,NorthSeoul,Korea - Republic of,,,3,18,,82,0,172,0,0,90,6.0,,4.1,,0.7,,,,,,,,,,,,,,,,,gneiss,,,,,HAIMLE2003,,,,LAT - LON read of map,20040216,AM,CRB,78,NO,NO,KOR4
wsm10460,,37.600,127.100,74,HFM,0.04,C,TF,NorthSeoul,Korea - Republic of,,,2,3,,74,0,164,0,0,90,4.6,,2.5,,1.0,,,,,,,,,,,,,,,,,granite,,,,,HAIMLE2003,,,,LAT - LON read of map,20040216,AM,CRB,104,NO,NO,KOR3
wsm10461,,37.600,127.000,156,HFM,0.03,B,TF,NorthSeoul,Korea - Republic of,,,3,17,,156,0,66,0,0,90,9.1,,4.8,,0.9,,,,,,,,,,,,,,,,,granite,,,,,HAIMLE2003,,,,LAT - LON read of map - sharp topographic relief,20040216,AM,CRB,95,NO,NO,KOR2
wsm18588,,37.650,128.430,71,FMS,22.60,C,SS,SOUTHKOREA,Korea - Republic of,20070120,11:56:54,,,MI,251,5,48,85,161,2,,,,,,,,,Mb,4.4,,,,,,,,,,,,,,,,,GLOBALCMT,KIMXPA2010,HONGCH2012,RHIEKI2010, CMT-Sol.- EventID: C200701201156A,20080627,AM,CRB,221,NO,NO,KOR6
wsm21096,,35.335,129.037,80,HF,0.17,C,TF,Yangsan,Korea - Republic of,,,9,5,,,,,,,,,,,,,,,,,,,,,337,,,,,,,,Granite,,,,,CHANLE2010,,,,LAT - LON read off map. Quality is given by author according to WSM qality ranking system.,20130916,AM,CRB,261,NO,YES,
wsm21097,,34.881,128.621,98,HF,0.15,C,TF,Geoje,Korea - Republic of,,,11,32,,,,,,,,,,,,,,,,,,,,,219,,,,,,,,Sandstone,,,,,CHANLE2010,,,,LAT - LON read off map. Quality is given by author according to WSM qality ranking system. Stress data determined by Haimson et al. (2003) were officially reported to the WSM database.,20130916,AM,CRB,220,NO,YES,
wsm21098,,36.282,127.468,27,HF,0.17,D,TF,Sannae,Korea - Republic of,,,9,4,,,,,,,,,,,,,,,,,,,,,118,,,,,,,,Granite,,,,,CHANLE2010,,,,LAT - LON read off map. Quality is given by author according to WSM qality ranking system.,20130916,AM,CRB,122,NO,YES,
wsm21099,,35.504,128.746,131,HF,0.13,D,TF,Miryang,Korea - Republic of,,,10,16,,,,,,,,,,,,,,,,,,,,,104,,,,,,,,Granite,,,,,CHANLE2010,,,,LAT - LON read off map. Quality is given by author according to WSM qality ranking system.,20130916,AM,CRB,235,NO,YES,
wsm21100,,35.856,129.225,12,HF,0.14,C,SS,Gyeongju,Korea - Republic of,,,5,23,,,,,,,,,,,,,,,,,,,,,100,,,,,,,,Granite,,,,,CHANLE2010,,,,LAT - LON read off map. Quality is given by author according to WSM qality ranking system.,20130916,AM,CRB,280,NO,YES,
wsm21101,,34.760,127.662,74,HF,0.14,D,TF,Yeosu,Korea - Republic of,,,6,20,,,,,,,,,,,,,,,,,,,,,92,,,,,,,,Granite,,,,,CHANLE2010,,,,LAT - LON read off map. Quality is given by author according to WSM qality ranking system. Stress data determined by Haimson et al. (2003) were officially reported to the WSM database.,20130916,AM,CRB,132,NO,YES,
wsm21103,,37.450,129.165,71,HF,0.19,D,TF,Samcheok,Korea - Republic of,,,4,5,,,,,,,,,,,,,,,,,,,,,67,,,,,,,,Limestone,,,,,CHANLE2010,,,,LAT - LON read off map. Quality is given by author according to WSM qality ranking system.,20130916,AM,CRB,281,NO,YES,
wsm21104,,36.411,128.159,126,HF,0.07,D,SS,Sangju,Korea - Republic of,,,3,21,,,,,,,,,,,,,,,,,,,,,63,,,,,,,,Limestone,,,,,CHANLE2010,,,,LAT - LON read off map. Quality is given by author according to WSM qality ranking system.,20130916,AM,CRB,183,NO,YES,
wsm21105,,35.825,128.742,30,HF,0.11,E,SS,Gyeongsan,Korea - Republic of,,,3,,,,,,,,,,,,,,,,,,,,,,48,,,,,,,,Granite,,,,,CHANLE2010,,,,LAT - LON read off map. Quality is given by author according to WSM qality ranking system.,20130916,AM,CRB,236,NO,YES,
wsm21106,,37.517,126.866,64,HF,0.07,D,TF,Youngcheon,Korea - Republic of,,,3,21,,64,0,154,0,0,90,7.3,,4.0,,1.2,,,,,,,,,35,,,,,,,,Sandstone,,,,,CHANLE2010,HAIMLE2003,,,LAT - LON read off map. Quality is given by author according to WSM qality ranking system.,20130916,AM,CRB,82,NO,YES,
wsm21107,,35.647,128.734,32,HF,0.06,D,TF,Cheongdo,Korea - Republic of,,,4,8,,,,,,,,,,,,,,,,,,,,,25,,,,,,,,Andesite,,,,,CHANLE2010,,,,LAT - LON read off map. Quality is given by author according to WSM qality ranking system.,20130916,AM,CRB,235,NO,YES,
wsm21108,,37.133,128.191,116,HF,0.05,D,TF,Jecheon,Korea - Republic of,,,6,6,,,,,,,,,,,,,,,,,,,,,12,,,,,,,,Limestone,,,,,CHANLE2010,,,,LAT - LON read off map. Quality is given by author according to WSM qality ranking system.,20130916,AM,CRB,191,NO,YES,
wsm21109,,35.180,129.076,37,HF,0.06,D,SS,Busan,Korea - Republic of,,,4,9,,,,,,,,,,,,,,,,,,,,,12,,,,,,,,Sandstone/Shale,,,,,CHANLE2010,,,,LAT - LON read off map. Quality is given by author according to WSM qality ranking system.,20130916,AM,CRB,263,NO,YES,
wsm21110,,35.614,129.196,65,HF,0.10,E,TF,Ulju,Korea - Republic of,,,4,,,,,,,,,,,,,,,,,,,,,,11,,,,,,,,Sandstone/Shale,,,,,CHANLE2010,,,,LAT - LON read off map. Quality is given by author according to WSM qality ranking system.,20130916,AM,CRB,277,NO,YES,
wsm21111,,35.416,127.873,57,OC,0.23,D,TF,Sancheong,Korea - Republic of,,,2,2,,,,,,,,,,,,,,,,,,,,,0,,,,,,,,Gneiss,,,,,CHANLE2010,,,,LAT - LON read off map. Quality is given by author according to WSM qality ranking system.,20130916,AM,CRB,156,NO,YES,
wsm21112,,36.436,129.057,55,OC,0.19,D,TF,Cheongsong,Korea - Republic of,,,2,3,,,,,,,,,,,,,,,,,,,,,0,,,,,,,,Sandstone,,,,,CHANLE2010,,,,LAT - LON read off map. Quality is given by author according to WSM qality ranking system.,20130916,AM,CRB,264,NO,YES,
wsm21113,,35.538,129.311,45,OC,0.17,D,NF,Ulsan,Korea - Republic of,,,2,15,,,,,,,,,,,,,,,,,,,,,0,,,,,,,,Andesite,,,,,CHANLE2010,,,,LAT - LON read off map. Quality is given by author according to WSM qality ranking system.,20130916,AM,CRB,287,NO,YES,
wsm21114,,36.993,129.400,58,OC,0.26,D,SS,Uljin,Korea - Republic of,,,2,19,,,,,,,,,,,,,,,,,,,,,0,,,,,,,,Limestone,,,,,CHANLE2010,,,,LAT - LON read off map. Quality is given by author according to WSM qality ranking system.,20130916,AM,CRB,295,NO,YES,
wsm21115,,36.500,129.000,62,FMF,12.50,E,SS,SEKorea,Korea - Republic of,,,85,,MI,62,1,154,58,331,32,,,,,,,,,ML,1.6,,,,,,,,,,,,,,,,,CHANLE2010,,,,LAT - LON read off map. The stress state responsible for the present-day earthquake activity is heterogeneous. The earthquakes in this region are difficult to harmonize with a single stress tensor model  implying the existence of local stress perturbation.,20130916,AM,CRB,259,NO,YES,
wsm21229,,35.850,129.260,28,FMS,10.50,C,TF,SouthKorea,Korea - Republic of,19990912,05:56:51,,,FM,28,2,,,294,57,,,,,,,,,ML,3.2,,,,,,,,,,,,,,,,,PARKKI2007,,,,,20131218,AM,CRB,283,NO,YES,
wsm21230,,35.810,128.260,2,FMS,11.40,D,TF,SouthKorea,Korea - Republic of,20000221,01:06:01,,,FM,2,20,,,167,69,,,,,,,,,ML,2.1,,,,,,,,,,,,,,,,,PARKKI2007,,,,,20131218,AM,CRB,193,NO,YES,
wsm21231,,36.590,128.310,31,FMS,13.80,D,TF,SouthKorea,Korea - Republic of,20000415,08:05:19,,,FM,211,16,,,330,60,,,,,,,,,ML,2.3,,,,,,,,,,,,,,,,,PARKKI2007,,,,,20131218,AM,CRB,197,NO,YES,
wsm21233,,36.300,128.490,999,FMS,22.30,E,U,SouthKorea,Korea - Republic of,20000519,01:44:24,,,FM,91,40,,,338,24,,,,,,,,,ML,2.7,,,,,,,,,,,,,,,,,PARKKI2007,,,,,20131218,AM,CRB,213,NO,YES,
wsm21234,,36.170,127.170,999,FMS,13.10,E,U,SouthKorea,Korea - Republic of,20000526,21:41:41,,,FM,288,33,,,148,50,,,,,,,,,ML,2.4,,,,,,,,,,,,,,,,,PARKKI2007,,,,,20131218,AM,CRB,95,NO,YES,
wsm21235,,36.310,128.490,101,FMS,21.60,D,NF,SouthKorea,Korea - Republic of,20000806,19:35:09,,,FM,48,68,101,14,187,17,,,,,,,,,ML,2.2,,,,,,,,,,,,,,,,,PARKKI2007,,,,,20131218,AM,CRB,213,NO,YES,
wsm21236,,35.540,128.310,91,FMS,15.00,D,NF,SouthKorea,Korea - Republic of,20000923,10:07:45,,,FM,238,72,271,15,358,10,,,,,,,,,ML,2.4,,,,,,,,,,,,,,,,,PARKKI2007,,,,,20131218,AM,CRB,196,NO,YES,
wsm21239,,36.050,128.230,37,FMS,21.10,D,TF,SouthKorea,Korea - Republic of,20010214,01:02:08,,,FM,37,24,,,253,61,,,,,,,,,ML,2.2,,,,,,,,,,,,,,,,,PARKKI2007,,,,,20131218,AM,CRB,190,NO,YES,
wsm21241,,35.970,126.730,999,FMS,14.80,E,U,SouthKorea,Korea - Republic of,20010516,01:09:04,,,FM,65,28,,,306,42,,,,,,,,,ML,2.0,,,,,,,,,,,,,,,,,PARKKI2007,,,,,20131218,AM,CRB,55,NO,YES,
wsm21243,,36.750,128.830,88,FMS,14.30,D,TF,SouthKorea,Korea - Republic of,20010609,00:36:12,,,FM,88,20,,,283,69,,,,,,,,,ML,2.3,,,,,,,,,,,,,,,,,PARKKI2007,,,,,20131218,AM,CRB,243,NO,YES,
wsm21246,,36.760,127.020,999,FMS,14.00,E,U,SouthKorea,Korea - Republic of,20010715,20:01:47,,,FM,46,38,,,196,48,,,,,,,,,ML,2.3,,,,,,,,,,,,,,,,,PARKKI2007,,,,,20131218,AM,CRB,82,NO,YES,
wsm21247,,36.460,127.990,40,FMS,20.30,C,SS,SouthKorea,Korea - Republic of,20010723,17:29:14,,,FM,220,8,,,315,32,,,,,,,,,ML,3.5,,,,,,,,,,,,,,,,,PARKKI2007,,,,,20131218,AM,CRB,168,NO,YES,
wsm21248,,36.200,127.360,87,FMS,14.10,D,SS,SouthKorea,Korea - Republic of,20010726,19:55:13,,,FM,76,33,,,177,17,,,,,,,,,ML,2.0,,,,,,,,,,,,,,,,,PARKKI2007,,,,,20131218,AM,CRB,112,NO,YES,
wsm21249,,35.860,128.140,52,FMS,10.30,C,NS,SouthKorea,Korea - Republic of,20010824,11:12:03,,,FM,232,50,,,322,0,,,,,,,,,ML,3.1,,,,,,,,,,,,,,,,,PARKKI2007,,,,,20131218,AM,CRB,182,NO,YES,
wsm21250,,36.520,127.950,999,FMS,21.00,E,U,SouthKorea,Korea - Republic of,20011113,06:15:20,,,FM,172,55,,,342,35,,,,,,,,,ML,1.9,,,,,,,,,,,,,,,,,PARKKI2007,,,,,20131218,AM,CRB,165,NO,YES,
wsm21252,,35.870,127.520,999,FMS,14.10,E,U,SouthKorea,Korea - Republic of,20011130,11:18:32,,,FM,48,26,,,175,50,,,,,,,,,ML,2.4,,,,,,,,,,,,,,,,,PARKKI2007,,,,,20131218,AM,CRB,126,NO,YES,
wsm21253,,34.840,127.220,999,FMS,8.80,E,U,SouthKorea,Korea - Republic of,20020104,00:33:23,,,FM,224,38,,,11,38,,,,,,,,,ML,2.2,,,,,,,,,,,,,,,,,PARKKI2007,,,,,20131218,AM,CRB,92,NO,YES,
wsm21254,,35.300,128.870,999,FMS,16.70,E,U,SouthKorea,Korea - Republic of,20020107,17:11:00,,,FM,67,23,,,308,47,,,,,,,,,ML,3.1,,,,,,,,,,,,,,,,,PARKKI2007,HONGCH2012,,,,20131218,AM,CRB,245,NO,YES,
wsm21255,,35.840,128.230,72,FMS,12.40,C,NF,SouthKorea,Korea - Republic of,20020108,08:18:31,,,FM,72,63,252,27,162,0,,,,,,,,,ML,2.8,,,,,,,,,,,,,,,,,PARKKI2007,,,,,20131218,AM,CRB,190,NO,YES,
wsm21256,,36.650,128.080,23,FMS,9.20,D,NF,SouthKorea,Korea - Republic of,20020228,22:26:49,,,FM,234,69,23,18,116,10,,,,,,,,,ML,2.1,,,,,,,,,,,,,,,,,PARKKI2007,,,,,20131218,AM,CRB,176,NO,YES,
wsm21258,,37.140,127.200,59,FMS,13.40,D,SS,SouthKorea,Korea - Republic of,20020325,18:10:26,,,FM,59,13,,,319,37,,,,,,,,,ML,2.4,,,,,,,,,,,,,,,,,PARKKI2007,,,,,20131218,AM,CRB,104,NO,YES,
wsm21259,,37.380,129.230,999,FMS,11.50,E,U,SouthKorea,Korea - Republic of,20020325,05:31:06,,,FM,98,20,,,350,40,,,,,,,,,ML,2.4,,,,,,,,,,,,,,,,,PARKKI2007,,,,,20131218,AM,CRB,286,NO,YES,
wsm21260,,37.310,128.140,999,FMS,7.80,E,U,SouthKorea,Korea - Republic of,20020401,07:46:02,,,FM,251,38,,,107,47,,,,,,,,,ML,2.5,,,,,,,,,,,,,,,,,PARKKI2007,,,,,20131218,AM,CRB,190,NO,YES,
wsm21262,,34.680,127.420,53,FMS,23.50,C,TF,SouthKorea,Korea - Republic of,20020806,21:37:39,,,FM,53,14,,,176,65,,,,,,,,,ML,2.5,,,,,,,,,,,,,,,,,PARKKI2007,,,,,20131218,AM,CRB,109,NO,YES,
wsm21263,,36.160,127.610,999,FMS,19.20,E,U,SouthKorea,Korea - Republic of,20021019,21:31:55,,,FM,214,45,,,91,29,,,,,,,,,ML,2.7,,,,,,,,,,,,,,,,,PARKKI2007,,,,,20131218,AM,CRB,134,NO,YES,
wsm21264,,35.220,127.670,999,FMS,13.80,E,U,SouthKorea,Korea - Republic of,20021020,04:22:08,,,FM,91,33,,,224,46,,,,,,,,,ML,3.0,,,,,,,,,,,,,,,,,PARKKI2007,,,,,20131218,AM,CRB,136,NO,YES,
wsm21266,,35.070,126.560,999,FMS,20.80,E,U,SouthKorea,Korea - Republic of,20021028,11:50:53,,,FM,51,52,257,35,158,12,,,,,,,,,ML,2.8,,,,,,,,,,,,,,,,,PARKKI2007,,,,,20131218,AM,CRB,34,NO,YES,
wsm21267,,36.430,127.700,999,FMS,14.10,E,U,SouthKorea,Korea - Republic of,20021106,21:48:08,,,FM,181,37,,,351,52,,,,,,,,,ML,2.5,,,,,,,,,,,,,,,,,PARKKI2007,,,,,20131218,AM,CRB,142,NO,YES,
wsm21269,,36.480,126.980,69,FMS,12.10,C,TF,SouthKorea,Korea - Republic of,20021226,23:41:50,,,FM,69,10,,,159,0,,,,,,,,,ML,2.7,,,,,,,,,,,,,,,,,PARKKI2007,,,,,20131218,AM,CRB,78,NO,YES,
wsm21270,,35.830,129.260,57,FMS,4.10,C,TS,SouthKorea,Korea - Republic of,20030110,07:56:05,,,FM,237,18,,,344,42,,,,,,,,,ML,2.7,,,,,,,,,,,,,,,,,PARKKI2007,,,,,20131218,AM,CRB,283,NO,YES,
wsm21271,,35.730,129.400,83,FMS,18.40,C,TF,SouthKorea,Korea - Republic of,20030113,22:03:25,,,FM,83,14,,,199,61,,,,,,,,,ML,2.8,,,,,,,,,,,,,,,,,PARKKI2007,,,,,20131218,AM,CRB,296,NO,YES,
wsm21272,,35.280,126.600,61,FMS,17.30,C,SS,SouthKorea,Korea - Republic of,20030208,23:46:33,,,FM,61,9,,,154,20,,,,,,,,,ML,2.9,,,,,,,,,,,,,,,,,PARKKI2007,,,,,20131218,AM,CRB,40,NO,YES,
wsm21273,,35.990,127.880,92,FMS,10.50,D,NF,SouthKorea,Korea - Republic of,20030209,22:48:46,,,FM,53,68,92,18,177,14,,,,,,,,,ML,2.3,,,,,,,,,,,,,,,,,PARKKI2007,,,,,20131218,AM,CRB,158,NO,YES,
wsm21274,,35.790,129.390,80,FMS,13.70,C,TF,SouthKorea,Korea - Republic of,20030301,23:33:28,,,FM,80,0,,,350,75,,,,,,,,,ML,3.0,,,,,,,,,,,,,,,,,,,,,,20131218,AM,CRB,295,NO,YES,
wsm21275,,36.130,128.340,60,FMS,10.80,C,TS,SouthKorea,Korea - Republic of,20030310,03:28:03,,,FM,60,10,,,162,51,,,,,,,,,ML,3.1,,,,,,,,,,,,,,,,,PARKKI2007,,,,,20131218,AM,CRB,200,NO,YES,
wsm21276,,36.200,128.750,58,FMS,22.80,D,NF,SouthKorea,Korea - Republic of,20030314,04:06:12,,,FM,91,61,238,25,335,14,,,,,,,,,ML,2.1,,,,,,,,,,,,,,,,,PARKKI2007,,,,,20131218,AM,CRB,236,NO,YES,
wsm21279,,36.170,127.340,87,FMS,12.20,C,SS,SouthKorea,Korea - Republic of,20030405,00:31:33,,,FM,274,26,,,177,14,,,,,,,,,ML,2.9,,,,,,,,,,,,,,,,,PARKKI2007,,,,,20131218,AM,CRB,110,NO,YES,
wsm21280,,36.170,127.340,87,FMS,12.00,C,SS,SouthKorea,Korea - Republic of,20030405,00:25:08,,,FM,274,26,,,177,14,,,,,,,,,ML,2.5,,,,,,,,,,,,,,,,,PARKKI2007,,,,,20131218,AM,CRB,110,NO,YES,
wsm21282,,34.850,128.220,49,FMS,14.90,C,SS,SouthKorea,Korea - Republic of,20030709,15:20:10,,,FM,236,44,,,139,7,,,,,,,,,ML,2.7,,,,,,,,,,,,,,,,,PARKKI2007,,,,,20131218,AM,CRB,183,NO,YES,
wsm21283,,35.800,128.440,80,FMS,15.00,D,NF,SouthKorea,Korea - Republic of,20030924,03:26:56,,,FM,148,77,260,5,351,12,,,,,,,,,ML,2.3,,,,,,,,,,,,,,,,,PARKKI2007,,,,,20131218,AM,CRB,209,NO,YES,
wsm21285,,36.330,127.250,75,FMS,7.80,D,SS,SouthKorea,Korea - Republic of,20031005,05:03:53,,,FM,253,7,,,345,18,,,,,,,,,ML,2.1,,,,,,,,,,,,,,,,,PARKKI2007,,,,,20131218,AM,CRB,102,NO,YES,
wsm21286,,36.960,126.440,69,FMS,14.90,C,TF,SouthKorea,Korea - Republic of,20031013,18:12:05,,,FM,69,20,,,308,55,,,,,,,,,ML,3.6,,,,,,,,,,,,,,,,,PARKKI2007,,,,,20131218,AM,CRB,35,NO,YES,
wsm21287,,35.720,129.400,999,FMS,13.00,E,U,SouthKorea,Korea - Republic of,20031017,11:55:57,,,FM,73,24,,,328,30,,,,,,,,,ML,2.0,,,,,,,,,,,,,,,,,PARKKI2007,,,,,20131218,AM,CRB,296,NO,YES,
wsm21288,,36.150,127.020,88,FMS,13.00,C,TS,SouthKorea,Korea - Republic of,20040105,06:11:51,,,FM,268,44,,,159,19,,,,,,,,,ML,2.9,,,,,,,,,,,,,,,,,PARKKI2007,,,,,20131218,AM,CRB,81,NO,YES,
wsm21289,,35.390,127.970,85,FMS,15.30,D,NF,SouthKorea,Korea - Republic of,20040123,05:27:09,,,FM,225,70,265,15,352,12,,,,,,,,,ML,2.0,,,,,,,,,,,,,,,,,PARKKI2007,,,,,20131218,AM,CRB,164,NO,YES,
wsm21290,,35.850,128.540,999,FMS,17.00,E,U,SouthKorea,Korea - Republic of,20040129,20:22:25,,,FM,75,40,,,322,26,,,,,,,,,ML,2.4,,,,,,,,,,,,,,,,,PARKKI2007,,,,,20131218,AM,CRB,218,NO,YES,
wsm21291,,35.750,129.390,50,FMS,14.10,C,SS,SouthKorea,Korea - Republic of,20040430,23:43:57,,,FM,230,12,,,329,35,,,,,,,,,ML,2.8,,,,,,,,,,,,,,,,,PARKKI2007,,,,,20131218,AM,CRB,295,NO,YES,
wsm21292,,36.970,129.340,63,FMS,14.60,D,TF,SouthKorea,Korea - Republic of,20040530,21:45:54,,,FM,63,12,,,171,55,,,,,,,,,ML,2.2,,,,,,,,,,,,,,,,,PARKKI2007,,,,,20131218,AM,CRB,290,NO,YES,
wsm21293,,36.440,127.300,999,FMS,11.90,E,U,SouthKorea,Korea - Republic of,20040714,20:37:56,,,FM,239,21,,,141,21,,,,,,,,,ML,2.1,,,,,,,,,,,,,,,,,PARKKI2007,,,,,20131218,AM,CRB,107,NO,YES,
wsm21294,,35.850,127.330,77,FMS,11.30,C,SS,SouthKorea,Korea - Republic of,20040806,05:32:53,,,FM,257,16,,,161,19,,,,,,,,,ML,3.3,,,,,,,,,,,,,,,,,PARKKI2007,,,,,20131218,AM,CRB,109,NO,YES,
wsm21295,,35.490,128.270,61,FMS,16.90,C,NF,SouthKorea,Korea - Republic of,20040927,18:47:34,,,FM,40,66,241,22,148,7,,,,,,,,,ML,2.5,,,,,,,,,,,,,,,,,PARKKI2007,,,,,20131218,AM,CRB,192,NO,YES,
wsm39261,,37.250,128.720,86,FMS,6.00,C,SS,,Korea - Republic of,19961213,04:10:17,,,,81,13,318,67,176,19,,,,,,,,,ML,4.5,,,,,,,,,,,,,,,,,HONGCH2012,,,,,20150814,AM,CRB,239,NO,YES,
wsm39269,,36.060,127.100,78,FMS,10.00,C,SS,,Korea - Republic of,19970521,22:52:38,,,,78,6,221,83,348,4,,,,,,,,,ML,3.9,,,,,,,,,,,,,,,,,HONGCH2012,,,,,20150814,AM,CRB,88,NO,YES,
wsm39270,,35.800,129.250,74,FMS,11.80,C,TF,,Korea - Republic of,19970625,18:50:23,,,,254,15,159,19,22,65,,,,,,,,,ML,4.2,,,,,,,,,,,,,,,,,HONGCH2012,,,,,20150814,AM,CRB,282,NO,YES,
wsm39309,,36.100,126.900,82,FMS,10.00,C,SS,,Korea - Republic of,19980913,11:42:13,,,,82,3,330,82,172,7,,,,,,,,,ML,3.6,,,,,,,,,,,,,,,,,HONGCH2012,,,,,20150814,AM,CRB,70,NO,YES,
wsm39315,,37.190,128.840,65,FMS,1.50,C,SS,,Korea - Republic of,19990407,14:43:17,,,,65,1,161,84,335,6,,,,,,,,,ML,3.3,,,,,,,,,,,,,,,,,HONGCH2012,,,,,20150814,AM,CRB,249,NO,YES,
wsm39318,,35.840,129.260,59,FMS,7.00,C,SS,,Korea - Republic of,19990423,16:35:14,,,,59,16,185,64,323,20,,,,,,,,,ML,3.2,,,,,,,,,,,,,,,,,HONGCH2012,,,,,20150814,AM,CRB,283,NO,YES,
wsm39321,,35.840,129.260,70,FMS,5.00,C,SS,,Korea - Republic of,19990602,09:12:22,,,,69,18,253,72,160,1,,,,,,,,,ML,3.4,,,,,,,,,,,,,,,,,HONGCH2012,PARKKI2007,,,,20150814,AM,CRB,283,NO,YES,
wsm39340,,35.840,129.250,57,FMS,6.70,C,SS,,Korea - Republic of,19990911,20:56:51,,,,57,1,165,86,327,4,,,,,,,,,ML,3.4,,,,,,,,,,,,,,,,,HONGCH2012,,,,,20150814,AM,CRB,282,NO,YES,
wsm39360,,36.460,127.990,63,FMS,21.00,C,SS,,Korea - Republic of,20000723,08:29:15,,,,63,2,330,52,154,38,,,,,,,,,ML,3.5,,,,,,,,,,,,,,,,,HONGCH2012,,,,,20150814,AM,CRB,168,NO,YES,
wsm39390,,36.700,128.290,69,FMS,9.00,C,TS,,Korea - Republic of,20011121,01:49:11,,,,69,6,164,43,332,47,,,,,,,,,ML,3.5,,,,,,,,,,,,,,,,,HONGCH2012,RHIEKI2010,PARKKI2007,,,20150814,AM,CRB,195,NO,YES,
wsm39396,,35.320,128.860,53,FMS,6.30,C,TS,,Korea - Republic of,20020107,08:10:00,,,,53,3,321,39,147,51,,,,,,,,,ML,3.1,,,,,,,,,,,,,,,,,,,,,,20150814,AM,CRB,245,NO,YES,
wsm39425,,35.270,126.620,67,FMS,11.90,C,SS,,Korea - Republic of,20030208,14:46:34,,,,245,5,139,73,337,16,,,,,,,,,ML,2.9,,,,,,,,,,,,,,,,,HONGCH2012,,,,,20150814,AM,CRB,41,NO,YES,
wsm39433,,35.780,129.390,82,FMS,11.70,C,TF,,Korea - Republic of,20030301,14:33:29,,,,82,5,174,26,342,63,,,,,,,,,ML,3.0,,,,,,,,,,,,,,,,,HONGCH2012,PARKKI2007,,,,20150814,AM,CRB,295,NO,YES,
wsm39513,,36.970,126.430,70,FMS,13.00,C,SS,,Korea - Republic of,20031013,09:14:05,,,,250,2,115,87,340,2,,,,,,,,,ML,3.6,,,,,,,,,,,,,,,,,HONGCH2012,RHIEKI2010,,,,20150814,AM,CRB,34,NO,YES,
wsm39516,,36.150,127.020,75,FMS,9.60,C,SS,,Korea - Republic of,20040104,21:11:52,,,,262,37,62,52,165,10,,,,,,,,,ML,2.9,,,,,,,,,,,,,,,,,HONGCH2012,,,,,20150814,AM,CRB,81,NO,YES,
wsm39692,,35.820,128.240,80,FMS,9.00,C,TS,SouthKorea,Korea - Republic of,20040426,04:29:25,,,,260,17,155,40,8,45,,,,,,,,,Mw,3.6,,,,,,,,,,,,,,,,,RHIEKI2010,HONGCH2012,PARKKI2007,,,20150814,AM,CRB,191,NO,YES,
wsm39695,,35.750,129.410,60,FMS,13.70,C,SS,,Korea - Republic of,20040430,14:43:57,,,,60,4,206,85,330,3,,,,,,,,,ML,2.8,,,,,,,,,,,,,,,,,HONGCH2012,,,,,20150814,AM,CRB,296,NO,YES,
wsm39715,,35.840,127.320,76,FMS,17.00,C,SS,,Korea - Republic of,20040805,20:32:54,,,,77,1,171,79,346,11,,,,,,,,,ML,3.3,,,,,,,,,,,,,,,,,HONGCH2012,RHIEKI2010,,,,20150814,AM,CRB,108,NO,YES,
wsm39720,,35.480,128.280,999,FMS,10.70,E,U,,Korea - Republic of,20040927,09:47:34,,,,45,32,271,48,152,24,,,,,,,,,ML,2.5,,,,,,,,,,,,,,,,,HONGCH2012,,,,,20150814,AM,CRB,193,NO,YES,
wsm39750,,36.770,128.490,66,FMS,14.60,C,SS,,Korea - Republic of,20050610,12:14:37,,,,67,17,241,73,336,2,,,,,,,,,ML,2.5,,,,,,,,,,,,,,,,,HONGCH2012,,,,,20150814,AM,CRB,213,NO,YES,
wsm39765,,34.950,127.080,101,FMS,6.40,C,TF,,Korea - Republic of,20051022,16:02:47,,,,101,12,199,33,354,54,,,,,,,,,ML,2.7,,,,,,,,,,,,,,,,,HONGCH2012,,,,,20150814,AM,CRB,81,NO,YES,
wsm39783,,37.200,128.800,68,FMS,7.00,C,SS,,Korea - Republic of,20060119,03:35:36,,,,67,5,315,77,158,12,,,,,,,,,ML,3.2,,,,,,,,,,,,,,,,,HONGCH2012,RHIEKI2010,,,,20150814,AM,CRB,245,NO,YES,
wsm39795,,36.310,127.330,62,FMS,16.40,C,SS,,Korea - Republic of,20060319,04:59:48,,,,242,4,17,85,152,4,,,,,,,,,ML,2.9,,,,,,,,,,,,,,,,,HONGCH2012,,,,,20150814,AM,CRB,109,NO,YES,
wsm39799,,35.380,127.180,63,FMS,18.00,D,NF,,Korea - Republic of,20060401,15:04:39,,,,68,54,243,36,335,2,,,,,,,,,ML,2.0,,,,,,,,,,,,,,,,,HONGCH2012,,,,,20150814,AM,CRB,93,NO,YES,
wsm39821,,35.790,127.890,67,FMS,2.90,C,SS,,Korea - Republic of,20060725,14:29:20,,,,71,15,207,70,337,13,,,,,,,,,ML,2.5,,,,,,,,,,,,,,,,,HONGCH2012,,,,,20150814,AM,CRB,159,NO,YES,
wsm39839,,35.980,127.460,58,FMS,8.90,D,SS,,Korea - Republic of,20061110,16:56:03,,,,239,22,54,67,148,2,,,,,,,,,ML,2.4,,,,,,,,,,,,,,,,,HONGCH2012,,,,,20150814,AM,CRB,121,NO,YES,
wsm39843,,36.460,127.900,59,FMS,14.30,C,SS,,Korea - Republic of,20061203,15:51:44,,,,59,3,176,84,329,6,,,,,,,,,ML,2.7,,,,,,,,,,,,,,,,,HONGCH2012,,,,,20150814,AM,CRB,160,NO,YES,
wsm39870,,36.170,127.970,69,FMS,10.10,C,SS,,Korea - Republic of,20070314,20:30:13,,,,248,3,138,80,339,9,,,,,,,,,ML,2.8,,,,,,,,,,,,,,,,,HONGCH2012,,,,,20150814,AM,CRB,167,NO,YES,
wsm39874,,36.590,127.810,62,FMS,13.40,D,NS,,Korea - Republic of,20070503,09:24:02,,,,71,43,232,45,332,10,,,,,,,,,ML,2.1,,,,,,,,,,,,,,,,,HONGCH2012,,,,,20150814,AM,CRB,152,NO,YES,
wsm39878,,36.550,129.030,65,FMS,15.30,D,TF,,Korea - Republic of,20070518,22:53:27,,,,245,14,344,32,135,55,,,,,,,,,ML,2.4,,,,,,,,,,,,,,,,,HONGCH2012,,,,,20150814,AM,CRB,261,NO,YES,
wsm39880,,35.210,128.590,999,FMS,3.20,E,U,,Korea - Republic of,20070527,15:51:59,,,,113,39,238,35,353,32,,,,,,,,,ML,2.1,,,,,,,,,,,,,,,,,HONGCH2012,,,,,20150814,AM,CRB,220,NO,YES,
wsm39892,,36.890,126.620,76,FMS,4.90,C,NF,,Korea - Republic of,20070722,04:49:28,,,,47,64,256,23,161,11,,,,,,,,,ML,2.6,,,,,,,,,,,,,,,,,HONGCH2012,,,,,20150814,AM,CRB,49,NO,YES,
wsm39911,,37.440,128.910,65,FMS,1.20,C,NF,,Korea - Republic of,20071016,05:59:04,,,,271,54,65,34,164,12,,,,,,,,,ML,2.9,,,,,,,,,,,,,,,,,HONGCH2012,,,,,20150814,AM,CRB,259,NO,YES,
wsm39972,,35.570,128.620,67,FMS,5.40,D,TS,,Korea - Republic of,20080621,14:30:13,,,,247,12,146,42,350,45,,,,,,,,,ML,2.2,,,,,,,,,,,,,,,,,HONGCH2012,,,,,20150814,AM,CRB,224,NO,YES,
wsm40031,,36.330,127.250,62,FMS,6.00,C,SS,,Korea - Republic of,20081029,00:26:15,,,,240,11,106,75,332,11,,,,,,,,,ML,3.4,,,,,,,,,,,,,,,,,HONGCH2012,,,,,20150814,AM,CRB,102,NO,YES,
wsm40034,,37.070,129.140,999,FMS,4.70,E,U,,Korea - Republic of,20081105,09:12:31,,,,227,20,339,45,120,38,,,,,,,,,ML,2.4,,,,,,,,,,,,,,,,,HONGCH2012,,,,,20150814,AM,CRB,273,NO,YES,
wsm40066,,36.480,128.100,89,FMS,10.00,D,SS,,Korea - Republic of,20090101,06:58:11,,,,89,15,328,63,185,22,,,,,,,,,ML,2.2,,,,,,,,,,,,,,,,,HONGCH2012,,,,,20150814,AM,CRB,178,NO,YES,
wsm40071,,35.260,127.430,68,FMS,18.10,C,SS,,Korea - Republic of,20090212,20:46:17,,,,74,17,204,64,338,19,,,,,,,,,ML,2.9,,,,,,,,,,,,,,,,,HONGCH2012,,,,,20150814,AM,CRB,115,NO,YES,
wsm40082,,38.130,127.090,51,FMS,4.90,C,NF,,Korea - Republic of,20090326,13:21:25,,,,75,67,231,22,324,9,,,,,,,,,ML,2.7,,,,,,,,,,,,,,,,,HONGCH2012,,,,,20150814,AM,CRB,113,NO,YES,
wsm40086,,35.430,128.230,57,FMS,12.10,D,TF,,Korea - Republic of,20090421,08:44:58,,,,57,21,155,20,285,61,,,,,,,,,ML,2.0,,,,,,,,,,,,,,,,,HONGCH2012,,,,,20150814,AM,CRB,188,NO,YES,
wsm40091,,36.550,128.710,70,FMS,10.00,C,TS,,Korea - Republic of,20090501,22:58:28,,,,70,14,326,46,172,41,,,,,,,,,ML,4.0,,,,,,,,,,,,,,,,,HONGCH2012,,,,,20150814,AM,CRB,233,NO,YES,
wsm40093,,36.550,128.710,74,FMS,13.10,C,SS,,Korea - Republic of,20090502,03:28:29,,,,76,29,250,61,344,2,,,,,,,,,ML,2.6,,,,,,,,,,,,,,,,,HONGCH2012,,,,,20150814,AM,CRB,233,NO,YES,
wsm40133,,34.780,127.920,76,FMS,10.40,C,TS,,Korea - Republic of,20091114,12:57:57,,,,256,4,162,46,350,44,,,,,,,,,ML,2.5,,,,,,,,,,,,,,,,,HONGCH2012,,,,,20150814,AM,CRB,156,NO,YES,
wsm40136,,36.080,126.930,57,FMS,8.00,D,TS,,Korea - Republic of,20091116,20:38:49,,,,237,8,334,40,138,49,,,,,,,,,ML,2.3,,,,,,,,,,,,,,,,,HONGCH2012,,,,,20150814,AM,CRB,73,NO,YES,
wsm40137,,36.710,128.590,80,FMS,1.20,C,SS,,Korea - Republic of,20091203,20:14:53,,,,80,5,237,85,350,2,,,,,,,,,ML,2.8,,,,,,,,,,,,,,,,,HONGCH2012,,,,,20150814,AM,CRB,222,NO,YES,
wsm40146,,36.580,128.190,84,FMS,14.60,D,TF,,Korea - Republic of,20100123,08:54:14,,,,264,16,4,30,150,55,,,,,,,,,ML,2.1,,,,,,,,,,,,,,,,,HONGCH2012,,,,,20150814,AM,CRB,186,NO,YES,
wsm40149,,37.450,126.800,66,FMS,11.10,C,SS,,Korea - Republic of,20100209,09:08:14,,,,69,24,236,66,336,5,,,,,,,,,ML,3.0,,,,,,,,,,,,,,,,,HONGCH2012,,,,,20150814,AM,CRB,75,NO,YES,
wsm40154,,36.740,127.070,59,FMS,12.70,D,SS,,Korea - Republic of,20100221,12:17:02,,,,239,0,329,83,149,7,,,,,,,,,ML,2.3,,,,,,,,,,,,,,,,,HONGCH2012,,,,,20150814,AM,CRB,86,NO,YES,
wsm40192,,36.470,127.130,77,FMS,11.50,D,SS,,Korea - Republic of,20100705,18:44:14,,,,77,12,322,63,172,24,,,,,,,,,ML,2.3,,,,,,,,,,,,,,,,,HONGCH2012,,,,,20150814,AM,CRB,91,NO,YES,
wsm42395,,35.322,129.005,79,HF,0.19,B,TF,Yangsan,Korea - Republic of,,,5,7,BHTV,,,,,,,,,,,,,,,,,,,,,,,100,287,,,,granite,,,,,CHANJO2015,,,,test depths: 100  148  183  249 and 287m,20151204,AM,CRB,258,NO,YES,
wsm42396,,37.667,126.341,45,HF,0.21,C,TF,Seokmo,Korea - Republic of,,,4,14,BHTV,,,,,,,,,,,,,,,,,,,,,,,140,273,,,,granite,,,,,CHANJO2015,,,,test depths: 140  171  215 and 273 m,20151204,AM,CRB,40,NO,YES,
wsm42397,,37.667,126.341,77,HF,0.36,D,TF,Seokmo,Korea - Republic of,,,3,10,BHTV,,,,,,,,,,,,,,,,,,,,,,,336,390,,,,granite,,,,,CHANJO2015,,,,test depths: 336  ? And 390,20151204,AM,CRB,40,NO,YES,
